{"cameraMode":{"drawMode":0,"name":"Shaded","section":"Shading Mode"},"sceneLighting":false,"audioPlay":false,"sceneViewState":{"m_AlwaysRefresh":false,"showFog":true,"showSkybox":true,"showFlares":true,"showImageEffects":true,"showParticleSystems":true,"showVisualEffectGraphs":true,"m_FxEnabled":true},"in2DMode":false,"pivot":{"x":-298.13116455078127,"y":312.2267150878906,"z":-181.8873748779297},"rotation":{"x":0.1986321061849594,"y":0.09879839420318604,"z":-0.020130321383476259,"w":0.9748746752738953},"size":30.342195510864259,"orthographic":false}